Date,LogAdjReturn,Jump
2021-01-04,,0
2021-01-05,0.012287663770385688,0
2021-01-06,-0.0342410978061198,0
2021-01-07,0.033553741057998694,0
2021-01-08,0.008594434828442304,0
2021-01-11,-0.023523336545317332,0
2021-01-12,-0.0013965416162244678,0
2021-01-13,0.016096498230709057,0
2021-01-14,-0.01524262554047643,0
2021-01-15,-0.013825587397397199,0
2021-01-19,0.005412287311012675,0
2021-01-20,0.032328027001875065,0
2021-01-21,0.03600210514249225,0
2021-01-22,0.015946053362014902,0
2021-01-25,0.027307478658322594,0
2021-01-26,0.0016780368647185148,0
2021-01-27,-0.007713543152780526,0
2021-01-28,-0.03561191777027125,0
2021-01-29,-0.038138520290392504,0
2021-02-01,0.016385012065755794,0
2021-02-02,0.00631668130655752,0
2021-02-03,-0.0078088789967131296,0
2021-02-04,0.02543175598468064,0
2021-02-05,-0.003103037022304121,0
2021-02-08,0.0010965644916044227,0
2021-02-09,-0.006595429580431818,0
2021-02-10,-0.004569125374411748,0
2021-02-11,-0.0019220208410866094,0
2021-02-12,0.0017746946751682443,0
2021-02-16,-0.016235353770291984,0
2021-02-17,-0.017801700011083617,0
2021-02-18,-0.008673545952338456,0
2021-02-19,0.0012326206641849473,0
2021-02-22,-0.030252017657431685,0
2021-02-23,-0.001111835161102874,0
2021-02-24,-0.004060257717765808,0
2021-02-25,-0.035401867557074376,0
2021-02-26,0.002228970774119044,0
2021-03-01,0.05245142534376382,0
2021-03-02,-0.021115140615148707,0
2021-03-03,-0.024760790472703298,0
2021-03-04,-0.0159380180540172,0
2021-03-05,0.010681111895294144,0
2021-03-08,-0.042566756386748256,0
2021-03-09,0.03984529299050689,0
2021-03-10,-0.009209023591947562,0
2021-03-11,0.016368121162456527,0
2021-03-12,-0.007654776197195888,0
2021-03-15,0.024162529624175366,0
2021-03-16,0.012662440483973327,0
2021-03-17,-0.006471533180455333,0
2021-03-18,-0.03449326468106013,0
2021-03-19,-0.004490207331111474,0
2021-03-22,0.027941732775885075,0
2021-03-23,-0.006912484627263605,0
2021-03-24,-0.020196205703077473,0
2021-03-25,0.004154769759485413,0
2021-03-26,0.005128328991815945,0
2021-03-29,0.0014840295428451137,0
2021-03-30,-0.012350470171953832,0
2021-03-31,0.018591729431687302,0
2021-04-01,0.0069344791827268114,0
2021-04-05,0.023303716289685063,0
2021-04-06,0.002459051223624958,0
2021-04-07,0.013301649239159125,0
2021-04-08,0.019050964467981303,0
2021-04-09,0.020049489967474153,0
2021-04-12,-0.013321562974616175,0
2021-04-13,0.02401602755826027,0
2021-04-14,-0.01801451299705498,0
2021-04-15,0.018535115304550803,0
2021-04-16,-0.002530982852885735,0
2021-04-19,0.005055576000402307,0
2021-04-20,-0.01291303540193458,0
2021-04-21,0.0029258406559736516,0
2021-04-22,-0.011754250598292309,0
2021-04-23,0.017877629181564967,0
2021-04-26,0.0029736063599611544,0
2021-04-27,-0.002452694032046782,0
2021-04-28,-0.0060453460117081146,0
2021-04-29,-0.000748941963000376,0
2021-04-30,-0.015249202354382135,0
2021-05-03,0.008181971231573255,0
2021-05-04,-0.03602666161609417,0
2021-05-05,0.0019535064740894407,0
2021-05-06,0.012721277751006524,0
2021-05-07,0.005313102971663464,0
2021-05-10,-0.02614326662380938,0
2021-05-11,-0.007437835421126438,0
2021-05-12,-0.025254782312967183,0
2021-05-13,0.017761210680446365,0
2021-05-14,0.019650329926175117,0
2021-05-17,-0.00930171693706741,0
2021-05-18,-0.011309345518987934,0
2021-05-19,-0.0012822891358513226,0
2021-05-20,0.020794261728082887,0
2021-05-21,-0.014877114394147175,0
2021-05-24,0.013226149938371528,0
2021-05-25,-0.0015746248741395814,0
2021-05-26,-0.0003942436787888295,0
2021-05-27,-0.012454105082466733,0
2021-05-28,-0.0053623355873767195,0
2021-06-01,-0.00265171601238137,0
2021-06-02,0.006256522355659503,0
2021-06-03,-0.012228587395629481,0
2021-06-04,0.018843492351237535,0
2021-06-07,7.945013082636418e-05,0
2021-06-08,0.00664977702842341,0
2021-06-09,0.003072372252884234,0
2021-06-10,-0.008055647579789191,0
2021-06-11,0.009784645817055966,0
2021-06-14,0.024280778539655077,0
2021-06-15,-0.006458435118431397,0
2021-06-16,0.003925985254121453,0
2021-06-17,0.012522232789611723,0
2021-06-18,-0.010142932004996132,0
2021-06-21,0.014005405981553335,0
2021-06-22,0.012618530829691922,0
2021-06-23,-0.0020920814373551924,0
2021-06-24,-0.002171497738476256,0
2021-06-25,-0.002251305694939847,0
2021-06-28,0.012467842490010907,0
2021-06-29,0.011434725941894338,0
2021-06-30,0.0046106199460347365,0
2021-07-01,0.0022604474251275014,0
2021-07-02,0.019407382351829667,0
2021-07-06,0.014611044145768973,0
2021-07-07,0.01779596292715957,0
2021-07-08,-0.009242465024353993,0
2021-07-09,0.012970637725929261,0
2021-07-12,-0.004212437634049952,0
2021-07-13,0.007858460970570755,0
2021-07-14,0.023814573365670957,0
2021-07-15,-0.004502315364302224,0
2021-07-16,-0.014176010552468183,0
2021-07-19,-0.027283123402890727,0
2021-07-20,0.025642145193504627,0
2021-07-21,-0.005144811810673878,0
2021-07-22,0.009582692066123562,0
2021-07-23,0.011917779415396264,0
2021-07-26,0.002890172847571331,0
2021-07-27,-0.015012434460318176,0
2021-07-28,-0.012270908374936735,0
2021-07-29,0.004542241077323162,0
2021-07-30,0.0015092575923946914,0
2021-08-02,-0.00233384947606598,0
2021-08-03,0.012565147539155592,0
2021-08-04,-0.002786152424519913,0
2021-08-05,0.0007482924459535804,0
2021-08-06,-0.004778640936862096,0
2021-08-09,-0.0003420318129319926,0
2021-08-10,-0.003359828091879442,0
2021-08-11,0.0017843327921198977,0
2021-08-12,0.02056056856399004,0
2021-08-13,0.001409392987529152,0
2021-08-16,0.013456552114995714,0
2021-08-17,-0.006172785747012037,0
2021-08-18,-0.025831691707141932,0
2021-08-19,0.002320504667062828,0
2021-08-20,0.010105232798986152,0
2021-08-23,0.01020507304982294,0
2021-08-24,-0.0006014701142399359,0
2021-08-25,-0.00845711033514935,0
2021-08-26,-0.005542500709739322,0
2021-08-27,0.007158837859458757,0
2021-08-30,0.029963951700349427,0
2021-08-31,-0.008460472735678182,0
2021-09-01,0.004468490916960089,0
2021-09-02,0.007447205060491481,0
2021-09-03,0.004221666911895554,0
2021-09-07,0.01537049468626107,0
2021-09-08,-0.010135012882185377,0
2021-09-09,-0.006727388601519697,0
2021-09-10,-0.033661958427831554,0
2021-09-13,0.0038859560059043047,0
2021-09-14,-0.009608118600393505,0
2021-09-15,0.006124862633649893,0
2021-09-16,-0.0016119833484839533,0
2021-09-17,-0.018518289887397094,0
2021-09-20,-0.021592504511989106,0
2021-09-21,0.0034220278378888744,0
2021-09-22,0.016732048271248495,0
2021-09-23,0.00669641263048525,0
2021-09-24,0.000612895544560778,0
2021-09-27,-0.010606128311607161,0
2021-09-28,-0.02408896810069895,0
2021-09-29,0.006461905212479131,0
2021-09-30,-0.009355499726463778,0
2021-10-01,0.008094526098992931,0
2021-10-04,-0.024913643041100875,0
2021-10-05,0.014059352286843923,0
2021-10-06,0.006287496854306081,0
2021-10-07,0.009043291688442048,0
2021-10-08,-0.002725568567610543,0
2021-10-11,-0.0006299247132237907,0
2021-10-12,-0.009144785652905666,0
2021-10-13,-0.004248829757072927,0
2021-10-14,0.020023747453738625,0
2021-10-15,0.007484514111985979,0
2021-10-18,0.011736686370617597,0
2021-10-19,0.01496779264003365,0
2021-10-20,0.003355437701030677,0
2021-10-21,0.0014729790480071774,0
2021-10-22,-0.005298753189577999,0
2021-10-25,-0.0003367933576307204,0
2021-10-26,0.004564485322116836,0
2021-10-27,-0.003152513853229198,0
2021-10-28,0.024684438906674638,0
2021-10-29,-0.018322488555777672,0
2021-11-01,-0.005623370080993407,0
2021-11-02,0.007090731832766363,0
2021-11-03,0.009751372913573619,0
2021-11-04,-0.0035048839515725246,0
2021-11-05,0.0035758964568429292,0
2021-11-08,-0.005568125175812143,0
2021-11-09,0.0024566283799231483,0
2021-11-10,-0.01934948053251058,0
2021-11-11,-0.00033784327441924877,0
2021-11-12,0.0142348906941345,0
2021-11-15,6.66433985062542e-05,0
2021-11-16,0.006644893450811211,0
2021-11-17,0.01635545049125252,0
2021-11-18,0.02813641433913981,0
2021-11-19,0.01683351730945937,0
2021-11-22,0.002923299039416588,0
2021-11-23,0.0024190732573469184,0
2021-11-24,0.0032781804106016494,0
2021-11-26,-0.03219118950799582,0
2021-11-29,0.021637968443929595,0
2021-11-30,0.031089171399497722,0
2021-12-01,-0.0032114392872706287,0
2021-12-02,-0.0061486355349313,0
2021-12-03,-0.011793534648989393,0
2021-12-06,0.02127473609944858,0
2021-12-07,0.03483253619361662,0
2021-12-08,0.022527294458983577,0
2021-12-09,-0.002974419959191542,0
2021-12-10,0.027628243730540333,0
2021-12-13,-0.020891138119269216,0
2021-12-14,-0.008055425106839258,0
2021-12-15,0.028110299476014417,0
2021-12-16,-0.0400553060731758,0
2021-12-17,-0.006523249324632319,0
2021-12-20,-0.008155059234174368,0
2021-12-21,0.018907047548229847,0
2021-12-22,0.015202549045391645,0
2021-12-23,0.0036373931548589504,0
2021-12-27,0.022714547829692223,0
2021-12-28,-0.005783762323023211,0
2021-12-29,0.0005019221817399496,0
2021-12-30,-0.006600204211663016,0
2021-12-31,-0.0035413119504398914,0
2022-01-03,0.024696624907904516,0
2022-01-04,-0.01277285127756048,0
2022-01-05,-0.026960014087484004,0
2022-01-06,-0.016834263455340046,0
2022-01-07,0.000987867469777426,0
2022-01-10,0.00011629365279998995,0
2022-01-11,0.016644216125844227,0
2022-01-12,0.002567127300074764,0
2022-01-13,-0.019211343425919177,0
2022-01-14,0.005097559455725963,0
2022-01-18,-0.019074911590982024,0
2022-01-19,-0.02124882364588309,0
2022-01-20,-0.010401170728257036,0
2022-01-21,-0.01284738892419332,0
2022-01-24,-0.0048758673897304925,0
2022-01-25,-0.011450100982811764,0
2022-01-26,-0.0005636069944778703,0
2022-01-27,-0.002947389787019506,0
2022-01-28,0.0674508027172283,1
2022-01-31,0.02579026447224026,0
2022-02-01,-0.0009731084255742634,0
2022-02-02,0.007019640352132565,0
2022-02-03,-0.016861426481933693,0
2022-02-04,-0.0016804678811110016,0
2022-02-07,-0.004243504224561177,0
2022-02-08,0.018298224806007898,0
2022-02-09,0.008259697739951293,0
2022-02-10,-0.023881882879988114,0
2022-02-11,-0.02042547444277547,0
2022-02-14,0.001422085153042863,0
2022-02-15,0.022888520027295165,0
2022-02-16,-0.0013897930514139038,0
2022-02-17,-0.021498726975881267,0
2022-02-18,-0.009400039112404928,0
2022-02-22,-0.017972717972952638,0
2022-02-23,-0.026204441111429628,0
2022-02-24,0.016542374247603256,0
2022-02-25,0.012882339460348181,0
2022-02-28,0.0016362521072931103,0
2022-03-01,-0.011695890420107068,0
2022-03-02,0.020379066377068128,0
2022-03-03,-0.0019830314229294425,0
2022-03-04,-0.018579951819667092,0
2022-03-07,-0.024003350673286142,0
2022-03-08,-0.011744666273721435,0
2022-03-09,0.03439876689476309,0
2022-03-10,-0.02756253825816012,0
2022-03-11,-0.024199121766203403,0
2022-03-14,-0.02692145752070227,0
2022-03-15,0.029245552853604844,0
2022-03-16,0.028602088661205546,0
2022-03-17,0.006433325673954602,0
2022-03-18,0.020703333120846903,0
2022-03-21,0.00850155818562417,0
2022-03-22,0.02058705608170634,0
2022-03-23,0.008200082246667533,0
2022-03-24,0.02242460597817617,0
2022-03-25,0.003727062370364458,0
2022-03-28,0.005023919941654177,0
2022-03-29,0.01895371902431729,0
2022-03-30,-0.006671840902100048,0
2022-03-31,-0.01793568871520352,0
2022-04-01,-0.0017194170785772157,0
2022-04-04,0.023416988800072893,0
2022-04-05,-0.019123710593100064,0
2022-04-06,-0.018622959224311852,0
2022-04-07,0.0018022995476343103,0
2022-04-08,-0.011980349859590967,0
2022-04-11,-0.025847035095077388,0
2022-04-12,0.011457532980076221,0
2022-04-13,0.016210222453482626,0
2022-04-14,-0.030447157542103722,0
2022-04-18,-0.0013316510523488003,0
2022-04-19,0.014016597846468524,0
2022-04-20,-0.0010163154191693547,0
2022-04-21,-0.004855181987231147,0
2022-04-22,-0.02821567085083409,0
2022-04-25,0.006714712518242943,0
2022-04-26,-0.03804273399845728,0
2022-04-27,-0.00146786322582149,0
2022-04-28,0.04416575806506256,0
2022-04-29,-0.03729157468167345,0
2022-05-02,0.0019644471602964625,0
2022-05-03,0.00957668910241848,0
2022-05-04,0.040189750365466244,0
2022-05-05,-0.057328631181396854,1
2022-05-06,0.004716100389466713,0
2022-05-09,-0.03375245894018269,0
2022-05-10,0.01598374971928661,0
2022-05-11,-0.05323343951240312,0
2022-05-12,-0.027262173325624205,0
2022-05-13,0.031417274776662354,0
2022-05-16,-0.010729339004784825,0
2022-05-17,0.02510453102839762,0
2022-05-18,-0.05807305059148154,1
2022-05-19,-0.024950273746479838,0
2022-05-20,0.0017456911254076645,0
2022-05-23,0.03933526279115709,0
2022-05-24,-0.019402878936318826,0
2022-05-25,0.0011392558050924808,0
2022-05-26,0.022934650039706916,0
2022-05-27,0.0399478518829365,0
2022-05-31,-0.005360303829345814,0
2022-06-01,-0.000873890914503874,0
2022-06-02,0.01667170771077779,0
2022-06-03,-0.03931870399494832,0
2022-06-06,0.0052138602752333845,0
2022-06-07,0.017433136008937325,0
2022-06-08,-0.005056040728033598,0
2022-06-09,-0.03661784904721621,0
2022-06-10,-0.0393946371431709,0
2022-06-13,-0.03903728271808103,0
2022-06-14,0.006650798203981255,0
2022-06-15,0.01991189448285748,0
2022-06-16,-0.040459092668860774,0
2022-06-17,0.011467047420519773,0
2022-06-21,0.03223585834340982,0
2022-06-22,-0.003834573263914723,0
2022-06-23,0.021344111719464015,0
2022-06-24,0.02422152264539751,0
2022-06-27,0.0,0
2022-06-28,-0.03024236156397908,0
2022-06-29,0.012939770001156991,0
2022-06-30,-0.018192205997031616,0
2022-07-01,0.01603510131802329,0
2022-07-05,0.01875343486238194,0
2022-07-06,0.009561420590740999,0
2022-07-07,0.023716079995371134,0
2022-07-08,0.0047036644101217445,0
2022-07-11,-0.014868021736814792,0
2022-07-12,0.006810663667410606,0
2022-07-13,-0.002539961355781142,0
2022-07-14,0.020275505153782368,0
2022-07-15,0.01138496324849543,0
2022-07-18,-0.020859252852499725,0
2022-07-19,0.026371414222479697,0
2022-07-20,0.013419240598194071,0
2022-07-21,0.014981537045416295,0
2022-07-22,-0.008144039215326436,0
2022-07-25,-0.007425640211949596,0
2022-07-26,-0.008865637639957775,0
2022-07-27,0.03366184111871386,0
2022-07-28,0.0035653262115870757,0
2022-07-29,0.03226680680355242,0
2022-08-01,-0.006172364676796502,0
2022-08-02,-0.00933086486985927,0
2022-08-03,0.037534559731801725,0
2022-08-04,-0.0019283045508231046,0
2022-08-05,-0.00138984635632659,0
2022-08-08,-0.0029072883091405925,0
2022-08-09,0.00030345429236680214,0
2022-08-10,0.025857113397833198,0
2022-08-11,-0.004441141369450299,0
2022-08-12,0.021198871431440044,0
2022-08-15,0.0063137384634879504,0
2022-08-16,-0.0009243103244301439,0
2022-08-17,0.008746244697458369,0
2022-08-18,-0.0022942089304580624,0
2022-08-19,-0.015217140465433624,0
2022-08-22,-0.023298556516731926,0
2022-08-23,-0.0020312612836814506,0
2022-08-24,0.0017923077106874383,0
2022-08-25,0.014812730589120481,0
2022-08-26,-0.038428415161451644,0
2022-08-29,-0.013784703663743727,0
2022-08-30,-0.015423998104004515,0
2022-08-31,-0.010691864519800406,0
2022-09-01,0.004695916448142273,0
2022-09-02,-0.013704698097839025,0
2022-09-06,-0.008249244015102715,0
2022-09-07,0.00921162913576535,0
2022-09-08,-0.009664782987045008,0
2022-09-09,0.0186650361497722,0
2022-09-12,0.037784736516999866,0
2022-09-13,-0.06047160547031873,1
2022-09-14,0.00950997339646725,0
2022-09-15,-0.01911135703284296,0
2022-09-16,-0.011020503373871749,0
2022-09-19,0.024773313518668297,0
2022-09-20,0.015543954843280467,0
2022-09-21,-0.020475727619977967,0
2022-09-22,-0.006395436927395826,0
2022-09-23,-0.015239502756540277,0
2022-09-26,0.002257856305025625,0
2022-09-27,0.006544534416659829,0
2022-09-28,-0.012732237751878768,0
2022-09-29,-0.050366406391200054,0
2022-09-30,-0.030499892511361527,0
2022-10-03,0.030289393088479524,0
2022-10-04,0.02530043192340803,0
2022-10-05,0.002051046077299061,0
2022-10-06,-0.006647617990235887,0
2022-10-07,-0.037409820422055616,0
2022-10-10,0.0023527526588357894,0
2022-10-11,-0.010307813514174737,0
2022-10-12,-0.004615715321367506,0
2022-10-13,0.03306058748183955,0
2022-10-14,-0.03277122154369652,0
2022-10-17,0.028706490855395582,0
2022-10-18,0.009365388936664096,0
2022-10-19,0.0007648187222843868,0
2022-10-20,-0.0032720183908403937,0
2022-10-21,0.026699100980653603,0
2022-10-24,0.01469426410489674,0
2022-10-25,0.019153247208157313,0
2022-10-26,-0.01982247960143197,0
2022-10-27,-0.030939059448597633,0
2022-10-28,0.07283445653523865,1
2022-10-31,-0.015530285061822349,0
2022-11-01,-0.017698289787079234,0
2022-11-02,-0.03801862445021763,0
2022-11-03,-0.04333032798905028,0
2022-11-04,-0.0019490868078345799,0
2022-11-07,0.003894493326628977,0
2022-11-08,0.004166284551829315,0
2022-11-09,-0.03375320296331486,0
2022-11-10,0.08523647170489894,1
2022-11-11,0.019085434967132046,0
2022-11-14,-0.00953101118409314,0
2022-11-15,0.011799717502811754,0
2022-11-16,-0.008366173780695724,0
2022-11-17,0.012887998373145733,0
2022-11-18,0.003774630147409919,0
2022-11-21,-0.021918665614378555,0
2022-11-22,0.014554684263730397,0
2022-11-23,0.0059089200589622,0
2022-11-25,-0.019788285145048136,0
2022-11-28,-0.026615017512696706,0
2022-11-29,-0.02137521385001198,0
2022-11-30,0.04745003339285674,0
2022-12-01,0.0018897823466505139,0
2022-12-02,-0.0033770161892293623,0
2022-12-05,-0.008014988684434832,0
2022-12-06,-0.02569763063141659,0
2022-12-07,-0.013880802404395274,0
2022-12-08,0.012059760220276178,0
2022-12-09,-0.003440678183348446,0
2022-12-12,0.01625698903452695,0
2022-12-13,0.006759688002457551,0
2022-12-14,-0.01565786660904834,0
2022-12-15,-0.047987568250558256,0
2022-12-16,-0.014685853540163626,0
2022-12-19,-0.016037795048087812,0
2022-12-20,-0.0005289775946759242,0
2022-12-21,0.023530559900002836,0
2022-12-22,-0.02405981746007631,0
2022-12-23,-0.002801932645201902,0
2022-12-27,-0.013975297779320122,0
2022-12-28,-0.031166022467770223,0
2022-12-29,0.027930489113457895,0
2022-12-30,0.0024659218393159187,0
2023-01-03,-0.038122332772220775,0
2023-01-04,0.010261539288418064,0
2023-01-05,-0.01066134635547114,0
2023-01-06,0.03613355090093323,0
2023-01-09,0.004080430576010334,0
2023-01-10,0.004446519634207312,0
2023-01-11,0.02089240639223018,0
2023-01-12,-0.0005994946402815901,0
2023-01-13,0.010068301593399002,0
2023-01-17,0.008718243750571293,0
2023-01-18,-0.005384544730925946,0
2023-01-19,0.00044366992782866595,0
2023-01-20,0.019038473888831148,0
2023-01-23,0.023228592299049545,0
2023-01-24,0.010012768027706518,0
2023-01-25,-0.0047119986723741115,0
2023-01-26,0.014694865248942389,0
2023-01-27,0.01359157972380488,0
2023-01-30,-0.020282431293231738,0
2023-01-31,0.008980390601195898,0
2023-02-01,0.007869747228513347,0
2023-02-02,0.036392323834104345,0
2023-02-03,0.024106984825491225,0
2023-02-06,-0.018091444031430905,0
2023-02-07,0.0190618778754844,0
2023-02-08,-0.01781039690432534,0
2023-02-09,-0.0069355450909950695,0
2023-02-10,0.002452993098849642,0
2023-02-13,0.018632279290372228,0
2023-02-14,-0.004233857917144047,0
2023-02-15,0.013807528682858877,0
2023-02-16,-0.010484208838367301,0
2023-02-17,-0.007574977226474533,0
2023-02-21,-0.027042486496791977,0
2023-02-22,0.0028919743326123056,0
2023-02-23,0.003285135716246677,0
2023-02-24,-0.018169196396253612,0
2023-02-27,0.008213316301496854,0
2023-02-28,-0.003453524395535522,0
2023-03-01,-0.014348523787291786,0
2023-03-02,0.004120704932649916,0
2023-03-03,0.034488581884466046,0
2023-03-06,0.01836942109675091,0
2023-03-07,-0.014602453886831462,0
2023-03-08,0.008342228404397987,0
2023-03-09,-0.015027026366781264,0
2023-03-10,-0.013975837860645947,0
2023-03-13,0.0131787165590707,0
2023-03-14,0.013990955657699002,0
2023-03-15,0.002617904607062335,0
2023-03-16,0.01852158537437166,0
2023-03-17,-0.005468868083812585,0
2023-03-20,0.015365107857746557,0
2023-03-21,0.011873146954835156,0
2023-03-22,-0.00914493820324573,0
2023-03-23,0.006945311447728142,0
2023-03-24,0.008271178096741938,0
2023-03-27,-0.012369428441702286,0
2023-03-28,-0.003988237354193949,0
2023-03-29,0.019597410332886797,0
2023-03-30,0.009841245831847683,0
2023-03-31,0.015522983549420102,0
2023-04-03,0.007672427387089029,0
2023-04-04,-0.0032551407725054135,0
2023-04-05,-0.01135445804615846,0
2023-04-06,0.005480890705958947,0
2023-04-10,-0.016101109158323947,0
2023-04-11,-0.0076201494956287625,0
2023-04-12,-0.00436276509726742,0
2023-04-13,0.03353485153714025,0
2023-04-14,-0.0021161023235069343,0
2023-04-17,0.00012087004402006906,0
2023-04-18,0.007476770702791619,0
2023-04-19,0.006944131358971301,0
2023-04-20,-0.0058634774448149875,0
2023-04-21,-0.00982906622168828,0
2023-04-24,0.0018767062381250216,0
2023-04-25,-0.009480390400281653,0
2023-04-26,-6.116044549517323e-05,0
2023-04-27,0.02799966070528705,0
2023-04-28,0.00751275231935462,0
2023-05-01,-0.0005304868334913476,0
2023-05-02,-0.00621078165764353,0
2023-05-03,-0.0064880889290862154,0
2023-05-04,-0.00996300626304037,0
2023-05-05,0.04585927794723597,0
2023-05-08,-0.0004035751225192531,0
2023-05-09,-0.010021288154459653,0
2023-05-10,0.010367067225357966,0
2023-05-11,0.0010940012944723682,0
2023-05-12,-0.00543226951372142,0
2023-05-15,-0.002901475882634929,0
2023-05-16,0.0,0
2023-05-17,0.003596661307614606,0
2023-05-18,0.013573676829235446,0
2023-05-19,0.0006281507030630061,0
2023-05-22,-0.005495787232611344,0
2023-05-23,-0.015271099428432721,0
2023-05-24,0.0016308257162412907,0
2023-05-25,0.006670041003348967,0
2023-05-26,0.014006165614588307,0
2023-05-30,0.010603071099478103,0
2023-05-31,-0.00028193318370341977,0
2023-06-01,0.015895542602767467,0
2023-06-02,0.004764002568950571,0
2023-06-05,-0.007599934534614612,0
2023-06-06,-0.002062493187288085,0
2023-06-07,-0.00778641209502671,0
2023-06-08,0.015346587710307018,0
2023-06-09,0.0021574409337606396,0
2023-06-12,0.0155177618393444,0
2023-06-13,-0.0026150557982897813,0
2023-06-14,0.0034853353069660064,0
2023-06-15,0.011136465949880945,0
2023-06-16,-0.005877294105329346,0
2023-06-20,0.00048676434409998526,0
2023-06-21,-0.0056914798459949,0
2023-06-22,0.016390151519420054,0
2023-06-23,-0.001712726499719193,0
2023-06-26,-0.0075816396108165166,0
2023-06-27,0.014946767727394072,0
2023-06-28,0.006307934269105247,0
2023-06-29,0.0017949245674163642,0
2023-06-30,0.022839728494302127,0
2023-07-03,-0.007815137708452538,0
2023-07-05,-0.0058887692098886476,0
2023-07-06,0.0025055773135366686,0
2023-07-07,-0.00590870403700103,0
2023-07-10,-0.010915099582735722,0
2023-07-11,-0.002813924444308341,0
2023-07-12,0.00894541441373161,0
2023-07-13,0.004049294330095522,0
2023-07-14,0.000786688018694128,0
2023-07-17,0.017157865463532845,0
2023-07-18,-0.001341377025501858,0
2023-07-19,0.0070468673092173055,0
2023-07-20,-0.01014870312543486,0
2023-07-21,-0.0061807345249453045,0
2023-07-24,0.004211114496498811,0
2023-07-25,0.004503454003002066,0
2023-07-26,0.004534769065978062,0
2023-07-27,-0.006602765705870635,0
2023-07-28,0.013417551851713623,0
2023-07-31,0.0031608899745869876,0
2023-08-01,-0.004285024058614931,0
2023-08-02,-0.015611101566153366,0
2023-08-03,-0.007348587900605479,0
2023-08-04,-0.049211291562626484,0
2023-08-07,-0.01740435024361506,0
2023-08-08,0.005297568604571858,0
2023-08-09,-0.008994725379971957,0
2023-08-10,-0.0012354005265842892,0
2023-08-11,0.0003375824685890862,0
2023-08-14,0.009349305370850443,0
2023-08-15,-0.011263405433836943,0
2023-08-16,-0.004971385875919092,0
2023-08-17,-0.014662178300384245,0
2023-08-18,0.0028120245484516597,0
2023-08-21,0.00770698338704718,0
2023-08-22,0.007873851171021923,0
2023-08-23,0.02171158277821665,0
2023-08-24,-0.026519073208280255,0
2023-08-25,0.012563905489901947,0
2023-08-28,0.008807289464492395,0
2023-08-29,0.021575728122907534,0
2023-08-30,0.018990965016167437,0
2023-08-31,0.0011716044232548757,0
2023-09-01,0.008427718861944666,0
2023-09-05,0.0012659766888459432,0
2023-09-06,-0.03644971427111605,0
2023-09-07,-0.02968558921981725,0
2023-09-08,0.003485534878936117,0
2023-09-11,0.00660074710981908,0
2023-09-12,-0.01720775558856116,0
2023-09-13,-0.011925657882858372,0
2023-09-14,0.008744147778900733,0
2023-09-15,-0.004162515630215205,0
2023-09-18,0.016771801533316498,0
2023-09-19,0.006161849788799663,0
2023-09-20,-0.020194749228342673,0
2023-09-21,-0.008929020092988427,0
2023-09-22,0.004932104000959751,0
2023-09-25,0.007353236528981468,0
2023-09-26,-0.023676483414424566,0
2023-09-27,-0.008937222180251694,0
2023-09-28,0.0015243698369015034,0
2023-09-29,0.003041786224724273,0
2023-10-02,0.014726801840029634,0
2023-10-03,-0.007800228231345282,0
2023-10-04,0.007281900781754366,0
2023-10-05,0.007172328240942131,0
2023-10-06,0.014642728427620886,0
2023-10-09,0.008415501633588913,0
2023-10-10,-0.0033576551976557422,0
2023-10-11,0.00787293281187433,0
2023-10-12,0.005048558855660765,0
2023-10-13,-0.010346192645609644,0
2023-10-16,-0.0007272496571295604,0
2023-10-17,-0.008823494690426903,0
2023-10-18,-0.007422351150540117,0
2023-10-19,-0.0021632095423755474,0
2023-10-20,-0.01481348855615806,0
2023-10-23,0.0006938934145091187,0
2023-10-24,0.002540164378230813,0
2023-10-25,-0.013583530922066215,0
2023-10-26,-0.024913325087080745,0
2023-10-27,0.00793779184615313,0
2023-10-30,0.012230119840338371,0
2023-10-31,0.0028148911419367826,0
2023-11-01,0.018565187796373547,0
2023-11-02,0.020482004304935717,0
2023-11-03,-0.0051945198366008805,0
2023-11-06,0.014499625084360115,0
2023-11-07,0.014347156297627338,0
2023-11-08,0.00586768117861128,0
2023-11-09,-0.002627852008732183,0
2023-11-10,0.022954588427120996,0
2023-11-13,-0.008620800872946756,0
2023-11-14,0.014184615077086368,0
2023-11-15,0.0030363628399486383,0
2023-11-16,0.009001497972477563,0
2023-11-17,-0.0001054951552206894,0
2023-11-20,0.009235531138970663,0
2023-11-21,-0.004239906037100607,0
2023-11-22,0.0035083239677537216,0
2023-11-24,-0.0070289187086823085,0
2023-11-27,-0.0009479897900301753,0
2023-11-28,0.0032088978112525318,0
2023-11-29,-0.0054243210322068,0
2023-11-30,0.0030581431626355475,0
2023-12-01,0.006768236906297268,0
2023-12-04,-0.009509636749168963,0
2023-12-05,0.020844376694574465,0
2023-12-06,-0.005703218278547004,0
2023-12-07,0.010088281131314127,0
2023-12-08,0.007385045850194039,0
2023-12-11,-0.013011599358712362,0
2023-12-12,0.007888944182796958,0
2023-12-13,0.016553672308883195,0
2023-12-14,0.0007574469936797275,0
2023-12-15,-0.002729467306009226,0
2023-12-18,-0.008539747936838937,0
2023-12-19,0.005345872769138134,0
2023-12-20,-0.010771677163631895,0
2023-12-21,-0.0007702825999861455,0
2023-12-22,-0.005562984397866417,0
2023-12-26,-0.0028448917390856846,0
2023-12-27,0.000517790286448381,0
2023-12-28,0.0022238849156050204,0
2023-12-29,-0.0054390739366661145,0
2024-01-02,-0.036442644085897875,0
2024-01-03,-0.0075157179822398544,0
2024-01-04,-0.012781440423163589,0
2024-01-05,-0.004021175935114799,0
2024-01-08,0.023887363176285783,0
2024-01-09,-0.002265982973837466,0
2024-01-10,0.005655400179510946,0
2024-01-11,-0.0032277398424381378,0
2024-01-12,0.001776479901006764,0
2024-01-16,-0.012393577694528722,0
2024-01-17,-0.0051869945247633,0
2024-01-18,0.03205165313961596,0
2024-01-19,0.015413608638701724,0
2024-01-22,0.012089850384776819,0
2024-01-23,0.006631235015309545,0
2024-01-24,-0.003490007056855013,0
2024-01-25,-0.0016981263003317554,0
2024-01-26,-0.009053562531777169,0
2024-01-29,-0.00359234274104581,0
2024-01-30,-0.019433443568740657,0
2024-01-31,-0.01954741129293072,0
2024-02-01,0.01325240177382109,0
2024-02-02,-0.005419846180332444,0
2024-02-05,0.009798488770021494,0
2024-02-06,0.00859471510251977,0
2024-02-07,0.0005809558270485552,0
2024-02-08,-0.005771421925028346,0
2024-02-09,0.0040857437081619164,0
2024-02-12,-0.009042664604923235,0
2024-02-13,-0.01133859516279626,0
2024-02-14,-0.004821217765998128,0
2024-02-15,-0.0015760988899885873,0
2024-02-16,-0.008466064243074665,0
2024-02-20,-0.004122362987155399,0
2024-02-21,0.004177261459097192,0
2024-02-22,0.011181282517629442,0
2024-02-23,-0.01008478656612255,0
2024-02-26,-0.00747931375325262,0
2024-02-27,0.008081748355505977,0
2024-02-28,-0.006647503135726396,0
2024-02-29,-0.003699964140740143,0
2024-03-01,-0.006048564745837317,0
2024-03-04,-0.025708919664361764,0
2024-03-05,-0.028853341823422415,0
2024-03-06,-0.005895586765325476,0
2024-03-07,-0.000709797316253572,0
2024-03-08,0.010184677563801516,0
2024-03-11,0.011762101052346728,0
2024-03-12,0.0027747785809219645,0
2024-03-13,-0.012196562647141704,0
2024-03-14,0.010867947505957177,0
2024-03-15,-0.002199020658982706,0
2024-03-18,0.0063522642093861645,0
2024-03-19,0.013493586934358032,0
2024-03-20,0.014602068095555636,0
2024-03-21,-0.041715584955243,0
2024-03-22,0.005296210532164066,0
2024-03-25,-0.008335091325198595,0
2024-03-26,-0.00669483145950666,0
2024-03-27,0.020990684947640083,0
2024-03-28,-0.010615264278052912,0
2024-04-01,-0.008491683232236471,0
2024-04-02,-0.007023491982581008,0
2024-04-03,0.004786017005926885,0
2024-04-04,-0.004904311010127391,0
2024-04-05,0.00449170039686847,0
2024-04-08,-0.006685902465171628,0
2024-04-09,0.007216499812298424,0
2024-04-10,-0.011201824101444602,0
2024-04-11,0.04236082291947236,0
2024-04-12,0.008589665273149612,0
2024-04-15,-0.022106011852799028,0
2024-04-16,-0.019353192542232264,0
2024-04-17,-0.008180844018473443,0
2024-04-18,-0.005730777636760419,0
2024-04-19,-0.01228784416093763,0
2024-04-22,0.005078016105891948,0
2024-04-23,0.006371442393330126,0
2024-04-24,0.012622286326675043,0
2024-04-25,0.005134022764569623,0
2024-04-26,-0.003478868548102638,0
2024-04-29,0.024505324306061865,0
2024-04-30,-0.01843995895854807,0
2024-05-01,-0.00606536534751374,0
2024-05-02,0.021792627276091586,0
2024-05-03,0.05809562441799696,1
2024-05-06,-0.009148567743814246,0
2024-05-07,0.0037900360489893058,0
2024-05-08,0.0018623439403828543,0
2024-05-09,0.009964424343632776,0
2024-05-10,-0.006913930084289906,0
2024-05-13,0.01749141857710985,0
2024-05-14,0.006154477494973035,0
2024-05-15,0.012144034214804294,0
2024-05-16,0.0006322535541629713,0
2024-05-17,0.00015794039301043693,0
2024-05-20,0.006143267741766405,0
2024-05-21,0.006833836766100917,0
2024-05-22,-0.007566989959998554,0
2024-05-23,-0.021283002515980448,0
2024-05-24,0.016452112190324355,0
2024-05-28,5.261077332667681e-05,0
2024-05-29,0.0015777625631491728,0
2024-05-30,0.0052414624622870954,0
2024-05-31,0.005006031157156526,0
2024-06-03,0.009216172271235314,0
2024-06-04,0.001647878877347486,0
2024-06-05,0.007790436163062557,0
2024-06-06,-0.007121844019760744,0
2024-06-07,0.012315902153118627,0
2024-06-10,-0.019333469260613332,0
2024-06-11,0.0701314107373327,1
2024-06-12,0.028177644296169275,0
2024-06-13,0.005476189136255507,0
2024-06-14,-0.008202014949216947,0
2024-06-17,0.01948050760617955,0
2024-06-18,-0.011045318982265503,0
2024-06-20,-0.02174756275276631,0
2024-06-21,-0.010499431497561834,0
2024-06-24,0.0031278501198079476,0
2024-06-25,0.004458210417086442,0
2024-06-26,0.019795966161686062,0
2024-06-27,0.003978059689938219,0
2024-06-28,-0.016387803447310643,0
2024-07-01,0.028689153643894613,0
2024-07-02,0.016109528286912443,0
2024-07-03,0.005794189372859371,0
2024-07-05,0.021389983278595613,0
2024-07-08,0.006517564406478534,0
2024-07-09,0.0037677623283498946,0
2024-07-10,0.018628965493959745,0
2024-07-11,-0.023494638465511003,0
2024-07-12,0.012966374016991607,0
2024-07-15,0.016604714002480037,0
2024-07-16,0.0017902059949708334,0
2024-07-17,-0.02562143120923571,0
2024-07-18,-0.020748521737351342,0
2024-07-19,0.000579653270921022,0
2024-07-22,-0.0015615026836464608,0
2024-07-23,0.004677484685104041,0
2024-07-24,-0.029175908677327885,0
2024-07-25,-0.00481608741983184,0
2024-07-26,0.0021587195033524902,0
2024-07-29,0.0012837683254212971,0
2024-07-30,0.0025627431504204276,0
2024-07-31,0.014879504046120793,0
2024-08-01,-0.016892665173323673,0
2024-08-02,0.006845945361951034,0
2024-08-05,-0.04936565312641694,0
2024-08-06,-0.00979606256690523,0
2024-08-07,0.012420870595193662,0
2024-08-08,0.01649641572442939,0
2024-08-09,0.013642491463934309,0
2024-08-12,0.007104596629385329,0
2024-08-13,0.017046966382873504,0
2024-08-14,0.002031587107665246,0
2024-08-15,0.013439836325990297,0
2024-08-16,0.005901060476489845,0
2024-08-19,-0.00070812433637377,0
2024-08-20,0.0027410071637135264,0
2024-08-21,-0.0004857674429839667,0
2024-08-22,-0.008294083072754496,0
2024-08-23,0.010235671124185174,0
2024-08-26,0.0014976514606272846,0
2024-08-27,0.003734647176193418,0
2024-08-28,-0.006776478364095547,0
2024-08-29,0.014465104951230387,0
2024-08-30,-0.0034438389200671174,0
2024-09-03,-0.0275821456977978,0
2024-09-04,-0.008656154859393831,0
2024-09-05,0.006903902471484476,0
2024-09-06,-0.007039737108450975,0
2024-09-09,0.0004075178855041468,0
2024-09-10,-0.0036280162674698323,0
2024-09-11,0.011518563060911074,0
2024-09-12,0.0004939248174149464,0
2024-09-13,-0.0012128342360067687,0
2024-09-16,-0.028168253949020595,0
2024-09-17,0.0021702776758127417,0
2024-09-18,0.017829921562864094,0
2024-09-19,0.03639517697722444,0
2024-09-20,-0.0029317653046457247,0
2024-09-23,-0.007609942372958042,0
2024-09-24,0.003966174535889598,0
2024-09-25,-0.004407788092122036,0
2024-09-26,0.0050672905148682725,0
2024-09-27,0.0011859556332518182,0
2024-09-30,0.022614332542489967,0
2024-10-01,-0.02957470166080775,0
2024-10-02,0.002516635536700572,0
2024-10-03,-0.004906619444299334,0
2024-10-04,0.004994865576119169,0
2024-10-07,-0.022788498868388345,0
2024-10-08,0.018236684212823238,0
2024-10-09,0.0165605056582268,0
2024-10-10,-0.0021806976440173816,0
2024-10-11,-0.006526559400644455,0
2024-10-14,0.0163455642139107,0
2024-10-15,0.01096428699310378,0
2024-10-16,-0.008891282472493524,0
2024-10-17,0.0015951093395283208,0
2024-10-18,0.012201841807904729,0
2024-10-21,0.00627808897502477,0
2024-10-22,-0.0026252295537385405,0
2024-10-23,-0.02186020953636374,0
2024-10-24,-0.0008236905757890351,0
2024-10-25,0.0036364979346345957,0
2024-10-28,0.00856270307080477,0
2024-10-29,0.0011561608712586007,0
2024-10-30,-0.015395867002918714,0
2024-10-31,-0.018377308091254825,0
2024-11-01,-0.013368565207085329,0
2024-11-04,-0.004045759564055055,0
2024-11-05,0.006465299585738739,0
2024-11-06,-0.0032723187805197744,0
2024-11-07,0.021146969011772154,0
2024-11-08,-0.0011889205495318918,0
2024-11-11,-0.012101497769472225,0
2024-11-12,0.0,0
2024-11-13,0.003961304442895551,0
2024-11-14,0.01367650248604204,0
2024-11-15,-0.014209734776587199,0
2024-11-18,0.013332980272819329,0
2024-11-19,0.001139577425825028,0
2024-11-20,0.0031490332611524975,0
2024-11-21,-0.002098230987732818,0
2024-11-22,0.005890151800999212,0
2024-11-25,0.012966435195333009,0
2024-11-26,0.009360413385804147,0
2024-11-27,-0.000553126627700247,0
2024-11-29,0.010163986755650025,0
2024-12-02,0.009477491461223174,0
2024-12-03,0.0126909743805991,0
2024-12-04,0.0014825073058114097,0
2024-12-05,0.0001234221469800962,0
2024-12-06,-0.0008232701577332262,0
2024-12-09,0.015972943920925162,0
2024-12-10,0.004125227093723223,0
2024-12-11,-0.005179520702314996,0
2024-12-12,0.00594607474574656,0
2024-12-13,0.0006853404629342089,0
2024-12-16,0.011659436483267057,0
2024-12-17,0.009672634345663218,0
2024-12-18,-0.021654518225942266,0
2024-12-19,0.006990212293290233,0
2024-12-20,0.01864104001678226,0
2024-12-23,0.003060261895574557,0
2024-12-24,0.011412705416820603,0
2024-12-26,0.003170670313421276,0
2024-12-27,-0.01333064922490271,0
2024-12-30,-0.013352150242557398,0
2024-12-31,-0.007082893420455391,0
2025-01-02,-0.026586202153792864,0
2025-01-03,-0.0020114936139843066,0
2025-01-06,0.006716357190635639,0
2025-01-07,-0.011453065024720469,0
2025-01-08,0.0020209083828319316,0
2025-01-10,-0.02439902053970727,0
2025-01-13,-0.010397984023472204,0
2025-01-14,-0.004789629604594828,0
2025-01-15,0.0194848351770419,0
2025-01-16,-0.04123895352143704,0
2025-01-17,0.007507041425975438,0
2025-01-21,-0.03243625583867951,0
2025-01-22,0.005330706829026032,0
2025-01-23,-0.0007597040452470859,0
2025-01-24,-0.003942379858285914,0
2025-01-27,0.03128567195673458,0
2025-01-28,0.03589211153298729,0
2025-01-29,0.004606236823364799,0
2025-01-30,-0.007422287332984537,0
2025-01-31,-0.006714598441762216,0
2025-02-03,-0.034442347164729575,0
2025-02-04,0.020790227483606063,0
2025-02-05,-0.0014185422153903413,0
2025-02-06,0.0032210481919599182,0
2025-02-07,-0.024260734117072132,0
2025-02-10,0.0011866984140591096,0
2025-02-11,0.021596902445468382,0
2025-02-12,0.01810523163596987,0
2025-02-13,0.0194822344017541,0
2025-02-14,0.012630532555837926,0
2025-02-18,-0.0005315886089306758,0
2025-02-19,0.0016347887406708917,0
2025-02-20,0.003912834696433904,0
2025-02-21,-0.0011396446346050861,0
2025-02-24,0.0062925348374166185,0
2025-02-25,-0.00024290735986502572,0
2025-02-26,-0.027412458745591804,0
2025-02-27,-0.012812602416636874,0
2025-02-28,0.018951137472707987,0
2025-03-03,-0.015879624956666456,0
2025-03-04,-0.008861542150116603,0
2025-03-05,-0.0008056135402760656,0
2025-03-06,-0.001740746212420206,0
2025-03-07,0.015767634433021885,0
2025-03-10,-0.04969410642260904,0
2025-03-11,-0.029623855448544453,0
2025-03-12,-0.017633297667746444,0
2025-03-13,-0.034222606540151156,0
2025-03-14,0.01800749468460925,0
2025-03-17,0.00238597976362677,0
2025-03-18,-0.006140328142879185,0
2025-03-19,0.011917982523606032,0
2025-03-20,-0.005310475040786,0
2025-03-21,0.01928961751033247,0
2025-03-24,0.011207377347129153,0
2025-03-25,0.013589155251906744,0
2025-03-26,-0.009971379284262227,0
2025-03-27,0.010418205641834703,0
2025-03-28,-0.026939976158929048,0
2025-03-31,0.019226607889126515,0
2025-04-01,0.004760617989655886,0
2025-04-02,0.0031314249350967594,0
2025-04-03,-0.09701331584053502,1
2025-04-04,-0.0756802954031036,1
2025-04-07,-0.03742593778352885,0
2025-04-08,-0.05110191892092409,0
2025-04-09,0.14261740329172745,1
2025-04-10,-0.04331861579824623,0
2025-04-11,0.03979209603829932,0
2025-04-14,0.021814384892108546,0
2025-04-15,-0.001878115491318952,0
2025-04-16,-0.03971159339649635,0
2025-04-17,0.013853259226200324,0
2025-04-21,-0.019583366680856033,0
2025-04-22,0.033497726806743545,0
2025-04-23,0.024040343783990455,0
2025-04-24,0.018258406762068795,0
2025-04-25,0.004357747871284824,0
2025-04-28,0.004100896235723182,0
2025-04-29,0.0050789468448398396,0
2025-04-30,0.006089109089832267,0
2025-05-01,0.003851387141730376,0
2025-05-02,-0.03807755408095264,0
2025-05-05,-0.03196392335662175,0
2025-05-06,-0.0019125032771083674,0
2025-05-07,-0.011450090336810546,0
2025-05-08,0.006298654474560001,0
2025-05-09,0.005252258079057885,0
2025-05-12,0.06123258566165509,1
2025-05-13,0.01010109344017187,0
2025-05-14,-0.002821761983669661,0
2025-05-15,-0.004153127331358633,0
2025-05-16,-0.0008989730928673613,0
2025-05-19,-0.011808516259790175,0
2025-05-20,-0.009238821233101603,0
2025-05-21,-0.023329114291235003,0
2025-05-22,-0.003618770750769896,0
2025-05-23,-0.030711115726039975,0
2025-05-27,0.024983611085566255,0
2025-05-28,0.001048306276362571,0
2025-05-29,-0.002347835463872541,0
2025-05-30,0.00449107116349544,0
2025-06-02,0.004223038636265427,0
2025-06-03,0.007753735759536577,0
2025-06-04,-0.002216243293754774,0
2025-06-05,-0.010856482266256429,0
2025-06-06,0.016265311059071526,0
2025-06-09,-0.012186554600183343,0
2025-06-10,0.0060378350081640355,0
2025-06-11,-0.01938035209767723,0
2025-06-12,0.0021106504315444113,0
2025-06-13,-0.013901399360486715,0
2025-06-16,0.00997805652363861,0
2025-06-17,-0.014109754442192705,0
2025-06-18,0.004793249901647917,0
2025-06-20,0.022235425606040273,0
2025-06-23,0.0024844733276619658,0
2025-06-24,-0.0059731234790300165,0
2025-06-25,0.006270833792136221,0
2025-06-26,-0.002782183640768199,0
2025-06-27,0.00039793987139912456,0
2025-06-30,0.020136046923066173,0
